{
  "V1": 971593.2991480827,
  "V2": 159362.51302558184,
  "V3": 2403133.7911866084,
  "V4": 3417439.386378046,
  "V5": 635945.7616586387,
  "V6": 580673.846849598,
  "V7": 573130.8346437812,
  "V8": 954050.5609412491,
  "V9": 132025.36177092418,
  "V10": 1886902.8188473731,
  "V11": 4143517.0842954814,
  "V12": 1185009.6879751906,
  "V13": 343797.2135538068,
  "V14": 211689322.50419068,
  "V15": 4351963.396378389,
  "V16": 47085570.10285345,
  "V17": 3090483.4513022825,
  "V18": 5438574.047337032,
  "V19": 1720706.4205183983,
  "V20": 3994508.0161237717,
  "V21": 36401.79403614998,
  "V22": 548245.3424605131,
  "V23": 180671.49018440396,
  "V24": 469424.2256767601,
  "V25": 138387.54369179532,
  "V26": 27258.655647498323,
  "V27": 64998.52434379235,
  "V28": 32049.997785568237,
  "Amount": 623073.4762524366
}