{
  "model_name": "02_xgboost_baseline_class_weights",
  "model_type": "XGBoostFraudDetector",
  "sampling_method": "class_weights",
  "validation_metrics": {
    "confusion_matrix": {
      "tn": 56888,
      "fp": 16,
      "fn": 14,
      "tp": 43
    },
    "precision": 0.7288135593220338,
    "recall": 0.7543859649122807,
    "f1_score": 0.7413793103448276,
    "accuracy": 0.9994733238531627,
    "roc_auc": 0.9742823246785599,
    "pr_auc": 0.7763539048837456,
    "matthews_corr": 0.7412261855161791,
    "total_cost": 2266.0,
    "cost_per_transaction": 0.039781604957778126,
    "baseline_cost": 8550.0,
    "savings": 6284.0,
    "savings_percentage": 73.49707602339181,
    "total_samples": 56961,
    "total_frauds": 57,
    "fraud_rate": 0.0010006846789908884
  },
  "test_metrics": {
    "confusion_matrix": {
      "tn": 56854,
      "fp": 33,
      "fn": 17,
      "tp": 58
    },
    "precision": 0.6373626373626373,
    "recall": 0.7733333333333333,
    "f1_score": 0.6987951807228916,
    "accuracy": 0.9991222218320986,
    "roc_auc": 0.9735882246090202,
    "pr_auc": 0.7842323121943173,
    "matthews_corr": 0.7016359793060838,
    "total_cost": 2831.0,
    "cost_per_transaction": 0.049699799866577715,
    "baseline_cost": 11250.0,
    "savings": 8419.0,
    "savings_percentage": 74.83555555555556,
    "total_samples": 56962,
    "total_frauds": 75,
    "fraud_rate": 0.001316667251852112
  },
  "optimal_threshold": 0.2307697697697698,
  "run_id": "8db95304c3134d2b9a28acdcf2a95b1d",
  "timestamp": "2026-01-03T20:06:33.637504"
}